Model,Make,Model,Vehicle_Class,Engine_Size,Cylinders,Transmission,Fuel,Fuel_Consumption,,CO2_Emissions,CO2,Smog
2023,Acura,Integra,Full-size,1.5,4,AV7,Z,7.9,6.3,167,6,7
2023,Acura,Integra A-SPEC,Full-size,1.5,4,AV7,Z,8.1,6.5,172,6,7
2023,Acura,Integra A-SPEC,Full-size,1.5,4,M6,Z,8.9,6.5,181,6,6
2023,Acura,MDX SH-AWD,SUV: Small,3.5,6,AS10,Z,12.6,9.4,263,4,5
2023,Acura,MDX SH-AWD Type S,SUV: Standard,3,6,AS10,Z,13.8,11.2,291,4,5
2023,Acura,RDX SH-AWD,SUV: Small,2,4,AS10,Z,11,8.6,232,5,6
2023,Acura,RDX SH-AWD A-SPEC,SUV: Small,2,4,AS10,Z,11.3,9.1,242,5,6
2023,Acura,TLX SH-AWD,Compact,2,4,AS10,Z,11.2,8,230,5,7
2023,Acura,TLX SH-AWD A-SPEC,Compact,2,4,AS10,Z,11.3,8.1,231,5,7
2023,Acura,TLX Type S,Compact,3,6,AS10,Z,12.3,9.4,256,5,5
2023,Alfa Romeo,Giulia,Mid-size,2,4,A8,Z,10,7.2,205,5,5
2023,Alfa Romeo,Giulia AWD,Mid-size,2,4,A8,Z,10.5,7.7,217,5,5
2023,Alfa Romeo,Giulia Quadrifoglio,Mid-size,2.9,6,A8,Z,13.5,9.3,271,4,3
2023,Alfa Romeo,Stelvio,SUV: Small,2,4,A8,Z,10.3,8.1,218,5,5
2023,Alfa Romeo,Stelvio AWD,SUV: Small,2,4,A8,Z,10.8,8.3,226,5,5
2023,Alfa Romeo,Stelvio AWD Quadrifoglio,SUV: Small,2.9,6,A8,Z,13.9,10.3,288,4,3
2023,Alfa Romeo,Tonale AWD,SUV: Small,2,4,A9,X,11.2,8.2,231,5,7
2023,Aston Martin,DB11 V8,Minicompact,4,8,A8,Z,13,9.8,271,4,5
2023,Aston Martin,DB11 V12,Minicompact,5.2,12,A8,Z,16.4,10.7,324,3,3
2023,Aston Martin,DBS V12,Minicompact,5.2,12,A8,Z,16.4,10.7,324,3,3
2023,Aston Martin,DBX V8,SUV: Standard,4,8,A9,Z,16.8,11.9,343,3,5
2023,Aston Martin,DBX707,SUV: Standard,4,8,A9,Z,15.7,12,329,3,5
2023,Aston Martin,Vantage V8,Two-seater,4,8,A8,Z,13.1,9.6,270,4,5
2023,Aston Martin,V12 Vantage,Two-seater,5.2,12,A8,Z,17.2,10.8,337,3,3
2023,Audi,A3 40 TFSI quattro,Subcompact,2,4,AM7,X,8.7,6.8,183,6,7
2023,Audi,A4 Sedan 45 TFSI quattro,Compact,2,4,AM7,Z,9.7,7.4,203,5,5
2023,Audi,A4 allroad 45 TFSI quattro,Station wagon: Small,2,4,AM7,Z,10.1,7.9,214,5,5
2023,Audi,A5 Cabriolet 45 TFSI quattro,Subcompact,2,4,AM7,Z,9.9,7.6,208,5,5
2023,Audi,A5 Coupé 45 TFSI quattro,Subcompact,2,4,AM7,Z,9.7,7.4,203,5,5
2023,Audi,A5 Sportback 45 TFSI quattro,Mid-size,2,4,AM7,Z,9.7,7.4,203,5,5
2023,Audi,A6 45 TFSI quattro,Mid-size,2,4,AM7,Z,10,7.5,207,5,5
2023,Audi,A6 55 TFSI quattro,Mid-size,3,6,AM7,Z,11.1,7.8,224,5,5
2023,Audi,A6 allroad 55 TFSI quattro,Station wagon: Mid-size,3,6,AM7,Z,11.1,7.8,224,5,5
2023,Audi,A7 Sportback 55 TFSI quattro,Mid-size,3,6,AM7,Z,11.1,7.8,224,5,5
2023,Audi,A8 L Sedan 55 TFSI quattro,Full-size,3,6,AS8,Z,12.5,8.3,247,5,5
2023,Audi,Q3 40 TFSI quattro,SUV: Small,2,4,AS8,X,10.9,8,224,5,6
2023,Audi,Q3 45 TFSI quattro,SUV: Small,2,4,AS8,X,11.2,8.4,233,5,7
2023,Audi,Q5 40 TFSI quattro,SUV: Small,2,4,AM7,Z,10.2,8.2,217,5,1
2023,Audi,Q5 45 TFSI quattro,SUV: Small,2,4,AM7,Z,10.6,8.2,223,5,5
2023,Audi,Q5 Sportback 45 TFSI quattro,SUV: Small,2,4,AM7,Z,10.6,8.2,223,5,5
2023,Audi,Q7 45 TFSI quattro,SUV: Standard,2,4,AS8,Z,12.2,9.5,257,4,5
2023,Audi,Q7 55 TFSI quattro,SUV: Standard,3,6,AS8,Z,12.9,10.9,281,4,5
2023,Audi,Q8 55 TFSI quattro,SUV: Standard,3,6,AS8,Z,12.8,10.4,273,4,5
2023,Audi,R8 Coupé Performance,Two-seater,5.2,10,AM7,Z,16.6,10.2,320,3,1
2023,Audi,R8 Coupé Performance quattro,Two-seater,5.2,10,AM7,Z,17.7,12.8,361,2,1
2023,Audi,R8 Spyder Performance,Two-seater,5.2,10,AM7,Z,16.6,10.2,320,3,1
2023,Audi,R8 Spyder Performance quattro,Two-seater,5.2,10,AM7,Z,17.7,12.8,361,2,1
2023,Audi,R8 GT Coupé,Two-seater,5.2,10,AM7,Z,16.2,11.2,328,3,1
2023,Audi,RS 5 Coupé quattro,Subcompact,2.9,6,AS8,Z,13.2,9.2,266,4,5
2023,Audi,RS 5 Sportback quattro,Mid-size,2.9,6,AS8,Z,13.2,9.3,267,4,5
2023,Audi,RS 6 Avant quattro,Station wagon: Mid-size,4,8,AS8,Z,16.4,11.1,328,3,3
2023,Audi,RS 7 Sportback quattro,Mid-size,4,8,AS8,Z,16.4,11.1,328,3,3
2023,Audi,RS Q8 quattro,SUV: Standard,4,8,AS8,Z,17.5,11.9,349,3,3
2023,Audi,S3 quattro,Subcompact,2,4,AM7,Z,10.2,7.3,207,5,5
2023,Audi,S4 Sedan quattro,Compact,3,6,AS8,Z,11.1,8,226,5,5
2023,Audi,S5 Cabriolet quattro,Subcompact,3,6,AS8,Z,11.3,8.4,233,5,5
2023,Audi,S5 Coupé quattro,Subcompact,3,6,AS8,Z,11.1,8,226,5,5
2023,Audi,S5 Sportback quattro,Mid-size,3,6,AS8,Z,11.1,8,226,5,5
2023,Audi,S6 quattro,Mid-size,2.9,6,AS8,Z,12.3,9,254,5,5
2023,Audi,S7 quattro,Mid-size,2.9,6,AS8,Z,12.3,9,254,5,5
2023,Audi,S8 Sedan quattro,Full-size,4,8,AS8,Z,15.9,10.3,313,4,3
2023,Audi,SQ5 quattro,SUV: Small,3,6,AS8,Z,12.5,9.7,262,4,5
2023,Audi,SQ5 Sportback quattro,SUV: Small,3,6,AS8,Z,12.5,9.7,262,4,5
2023,Audi,SQ7 quattro,SUV: Standard,4,8,AS8,Z,16.1,11.3,325,3,3
2023,Audi,SQ8 quattro,SUV: Standard,4,8,AS8,Z,16.1,11.3,325,3,3
2023,Audi,TT Coupé 45 TFSI quattro,Subcompact,2,4,AM7,X,10.5,8,221,5,7
2023,Audi,TT Roadster 45 TFSI quattro,Two-seater,2,4,AM7,X,10.5,8,221,5,7
2023,Audi,TTS Coupé quattro,Subcompact,2,4,AM7,Z,10,7.7,209,5,3
2023,Bentley,Bentayga,SUV: Standard,4,8,AS8,Z,16.2,11.2,328,3,3
2023,Bentley,Bentayga EWB,SUV: Standard,4,8,AS8,Z,16.2,11.2,328,3,3
2023,Bentley,Bentayga Speed,SUV: Standard,6,12,AS8,Z,19.3,12.7,383,2,3
2023,Bentley,Continental GT,Subcompact,4,8,AM8,Z,15.3,10.4,307,4,3
2023,Bentley,Continental GT Speed,Subcompact,6,12,AM8,Z,19.6,12,379,2,3
2023,Bentley,Continental GTC,Minicompact,4,8,AM8,Z,15.8,10.5,315,4,3
2023,Bentley,Continental GTC Speed,Minicompact,6,12,AM8,Z,20.3,12.9,395,2,3
2023,Bentley,Flying Spur,Mid-size,4,8,AM8,Z,15.9,10.8,319,3,3
2023,Bentley,Flying Spur Speed,Mid-size,6,12,AM8,Z,19.2,12.2,373,2,3
2023,BMW,230i xDrive Coupe,Subcompact,2,4,AS8,Z,9.6,6.9,195,6,3
2023,BMW,330i xDrive Sedan,Compact,2,4,AS8,Z,9.8,7,200,6,7
2023,BMW,430i xDrive Cabriolet,Subcompact,2,4,AS8,Z,10.1,7.1,203,5,7
2023,BMW,430i xDrive Coupe,Subcompact,2,4,AS8,Z,10.1,7.1,203,5,7
2023,BMW,530i xDrive Sedan,Mid-size,2,4,AS8,Z,10.1,7.5,206,5,7
2023,BMW,540i xDrive Sedan,Mid-size,3,6,AS8,Z,10.5,8.1,219,5,5
2023,BMW,760i xDrive Sedan,Full-size,4.4,8,AS8,Z,13,9.1,261,4,5
2023,BMW,ALPINA B8 Gran Coupe,Mid-size,4.4,8,AS8,Z,14.1,9.9,284,4,3
2023,BMW,ALPINA XB7,SUV: Standard,4.4,8,AS8,Z,15.2,11.6,314,4,5
2023,BMW,M2 Coupe,Subcompact,3,6,AS8,Z,14.6,10.3,294,4,5
2023,BMW,M2 Coupe,Subcompact,3,6,M6,Z,14.3,10,287,4,5
2023,BMW,M240i xDrive Coupe,Subcompact,3,6,AS8,Z,10.4,7.4,210,5,5
2023,BMW,M3 Sedan,Compact,3,6,M6,Z,14.7,10.1,293,4,5
2023,BMW,M3 Competition M xDrive Sedan,Compact,3,6,AS8,Z,14.6,10.5,296,4,5
2023,BMW,M340i xDrive Sedan,Compact,3,6,AS8,Z,10.3,7.4,210,5,5
2023,BMW,M4 Competition M xDrive Cabriolet,Subcompact,3,6,AS8,Z,15.1,10.4,301,4,5
2023,BMW,M4 Coupe,Subcompact,3,6,M6,Z,14.7,10.1,293,4,5
2023,BMW,M4 Competition M xDrive Coupe,Subcompact,3,6,AS8,Z,14.6,10.5,296,4,5
2023,BMW,M4 CSL Coupe,Subcompact,3,6,AS8,Z,15,10.3,301,4,5
2023,BMW,M440i xDrive Cabriolet,Subcompact,3,6,AS8,Z,10.6,7.7,216,5,5
2023,BMW,M440i xDrive Coupe,Subcompact,3,6,AS8,Z,10.7,7.6,216,5,5
2023,BMW,M5 Sedan,Mid-size,4.4,8,AS8,Z,16.1,11.1,324,3,3
2023,BMW,M5 Competition Sedan,Mid-size,4.4,8,AS8,Z,16.1,11.1,324,3,3
2023,BMW,M550i xDrive Sedan,Mid-size,4.4,8,AS8,Z,14,9.5,277,4,3
2023,BMW,M8 Competition Cabriolet,Subcompact,4.4,8,AS8,Z,16.1,10.9,321,3,3
2023,BMW,M8 Competition Coupe,Subcompact,4.4,8,AS8,Z,16.1,10.9,321,3,3
2023,BMW,M8 Competition Gran Coupe,Mid-size,4.4,8,AS8,Z,16.1,10.9,321,3,3
2023,BMW,M850i xDrive Cabriolet,Subcompact,4.4,8,AS8,Z,14.1,9.9,284,4,3
2023,BMW,M850i xDrive Coupe,Subcompact,4.4,8,AS8,Z,14.1,9.9,284,4,3
2023,BMW,M850i xDrive Gran Coupe,Mid-size,4.4,8,AS8,Z,14.1,9.9,284,4,3
2023,BMW,X1 xDrive28i,SUV: Small,2,4,AM7,Z,9.6,7,195,6,8
2023,BMW,X3 xDrive30i,SUV: Small,2,4,AS8,Z,11,8.4,229,5,7
2023,BMW,X3 M,SUV: Small,3,6,AS8,Z,15.7,11.7,323,3,3
2023,BMW,X3 M Competition,SUV: Small,3,6,AS8,Z,15.7,11.7,323,3,3
2023,BMW,X3 M40i,SUV: Small,3,6,AS8,Z,10.9,9,235,5,5
2023,BMW,X4 xDrive30i,SUV: Small,2,4,AS8,Z,11,8.4,229,5,7
2023,BMW,X4 M,SUV: Small,3,6,AS8,Z,15.7,11.7,323,3,3
2023,BMW,X4 M Competition,SUV: Small,3,6,AS8,Z,15.7,11.7,323,3,3
2023,BMW,X4 M40i,SUV: Small,3,6,AS8,Z,10.9,9,235,5,5
2023,BMW,X5 xDrive40i,SUV: Standard,3,6,AS8,Z,11.4,9.3,242,5,3
2023,BMW,X5 M,SUV: Standard,4.4,8,AS8,Z,17.9,13,364,2,3
2023,BMW,X5 M Competition,SUV: Standard,4.4,8,AS8,Z,17.9,13,364,2,3
2023,BMW,X5 M50i,SUV: Standard,4.4,8,AS8,Z,14.7,10.9,302,4,3
2023,BMW,X6 xDrive40i,SUV: Standard,3,6,AS8,Z,11.4,9.3,242,5,3
2023,BMW,X6 M,SUV: Standard,4.4,8,AS8,Z,17.9,13,364,2,3
2023,BMW,X6 M Competition,SUV: Standard,4.4,8,AS8,Z,17.9,13,364,2,3
2023,BMW,X6 M50i,SUV: Standard,4.4,8,AS8,Z,14.7,10.9,302,4,3
2023,BMW,X7 xDrive40i,SUV: Standard,3,6,AS8,Z,11.3,9.5,243,5,7
2023,BMW,X7 M60i xDrive,SUV: Standard,4.4,8,AS8,Z,14.3,11.1,299,4,5
2023,BMW,Z4 sDrive30i,Two-seater,2,4,AS8,Z,9.4,7.1,194,6,7
2023,BMW,Z4 M40i,Two-seater,3,6,AS8,Z,10.4,7.5,210,5,5
2023,Bugatti,Chiron,Two-seater,8,16,AM7,Z,26.8,16.6,522,1,1
2023,Bugatti,Chiron Pur Sport,Two-seater,8,16,AM7,Z,30.3,20.9,608,1,1
2023,Bugatti,Chiron Super Sport,Two-seater,8,16,AM7,Z,30.3,20.9,608,1,1
2023,Buick,Enclave AWD,SUV: Standard,3.6,6,A9,X,13.6,9.6,277,4,6
2023,Buick,Encore GX,SUV: Small,1.2,3,AV,X,8,7.6,184,6,7
2023,Buick,Encore GX,SUV: Small,1.3,3,AV,X,8.2,7.4,185,6,7
2023,Buick,Encore GX AWD,SUV: Small,1.3,3,A9,X,9,8.3,202,5,7
2023,Buick,Envision,SUV: Small,2,4,AS9,X,10.2,7.5,211,5,7
2023,Buick,Envision AWD,SUV: Small,2,4,AS9,X,10.5,8.2,222,5,7
2023,Cadillac,CT4,Compact,2,4,AS8,Z,10.2,7,206,5,7
2023,Cadillac,CT4,Compact,2.7,4,AS10,Z,11,7.6,221,5,6
2023,Cadillac,CT4 AWD,Compact,2,4,AS8,Z,10.5,7.6,216,5,7
2023,Cadillac,CT4 AWD,Compact,2.7,4,AS10,Z,11.3,8.1,231,5,6
2023,Cadillac,CT4-V,Compact,2.7,4,AS10,Z,11.9,8.2,239,5,6
2023,Cadillac,CT4-V AWD,Compact,2.7,4,AS10,Z,12,8.4,244,5,6
2023,Cadillac,CT4-V Blackwing,Compact,3.6,6,AS10,Z,15,9.7,297,4,5
2023,Cadillac,CT4-V Blackwing,Compact,3.6,6,M6,Z,15.2,10.2,303,4,5
2023,Cadillac,CT5,Mid-size,2,4,AS10,Z,10.3,7.1,207,5,7
2023,Cadillac,CT5,Mid-size,3,6,AS10,Z,12.4,8.7,252,5,5
2023,Cadillac,CT5 AWD,Mid-size,2,4,AS10,Z,10.9,7.8,222,5,7
2023,Cadillac,CT5 AWD,Mid-size,3,6,AS10,Z,13.1,9.1,265,4,5
2023,Cadillac,CT5-V,Mid-size,3,6,AS10,Z,13.1,8.8,263,4,5
2023,Cadillac,CT5-V AWD,Mid-size,3,6,AS10,Z,13.1,9.1,265,4,5
2023,Cadillac,CT5-V Blackwing,Mid-size,6.2,8,AS10,Z,17.9,11,347,3,3
2023,Cadillac,CT5-V Blackwing,Mid-size,6.2,8,M6,Z,18.4,11.4,368,2,3
2023,Cadillac,Escalade 4WD,SUV: Standard,3,6,A10,D,11.7,9,281,4,3
2023,Cadillac,Escalade 4WD,SUV: Standard,6.2,8,A10,Z,16.6,13.1,352,3,6
2023,Cadillac,Escalade-V AWD,SUV: Standard,6.2,8,AS10,Z,21.6,14.9,436,1,3
2023,Cadillac,XT4,SUV: Small,2,4,AS9,Z,10.2,7.8,214,5,7
2023,Cadillac,XT4 AWD,SUV: Small,2,4,AS9,Z,10.9,8.2,228,5,7
2023,Cadillac,XT5,SUV: Small,2,4,AS9,Z,10.9,8.2,228,5,7
2023,Cadillac,XT5 AWD,SUV: Small,2,4,AS9,Z,11.2,8.7,237,5,7
2023,Cadillac,XT5 AWD,SUV: Small,3.6,6,AS9,X,12.9,9.3,265,4,6
2023,Cadillac,XT6 AWD,SUV: Small,2,4,AS9,Z,11.2,9,239,5,7
2023,Cadillac,XT6 AWD,SUV: Small,3.6,6,AS9,X,13.1,9.5,269,4,6
2023,Chevrolet,Blazer,SUV: Small,2,4,A9,X,10.6,8,227,5,7
2023,Chevrolet,Blazer AWD,SUV: Small,2,4,A9,X,10.8,8.7,232,5,7
2023,Chevrolet,Blazer AWD,SUV: Small,3.6,6,A9,X,12.6,9.2,259,4,6
2023,Chevrolet,Camaro,Subcompact,2,4,AS8,Z,10.9,7.8,222,5,5
2023,Chevrolet,Camaro,Subcompact,2,4,M6,Z,12.6,8.3,249,5,5
2023,Chevrolet,Camaro,Subcompact,3.6,6,AS10,X,12.8,8.2,253,5,6
2023,Chevrolet,Camaro,Subcompact,3.6,6,M6,X,14.4,9.1,281,4,6
2023,Chevrolet,Camaro SS,Subcompact,6.2,8,AS10,Z,14.6,8.9,281,4,1
2023,Chevrolet,Camaro SS,Subcompact,6.2,8,M6,Z,14.9,9.9,297,4,1
2023,Chevrolet,Camaro ZL1,Subcompact,6.2,8,AS10,Z,18.3,11.2,355,3,1
2023,Chevrolet,Camaro ZL1,Subcompact,6.2,8,M6,Z,17.2,12,349,3,1
2023,Chevrolet,Colorado,Pickup truck: Small,2.7,4,A8,X,11.7,9.5,252,5,7
2023,Chevrolet,Colorado (Turbo Plus),Pickup truck: Small,2.7,4,A8,X,13,10.3,277,4,7
2023,Chevrolet,Colorado 4WD,Pickup truck: Small,2.7,4,A8,X,12.3,10.2,265,4,7
2023,Chevrolet,Colorado 4WD (Turbo Plus),Pickup truck: Small,2.7,4,A8,X,13.5,11,290,4,7
2023,Chevrolet,Colorado 4WD Mud Terrain Tire (Turbo Plus),Pickup truck: Small,2.7,4,A8,X,13.9,12.1,307,4,7
2023,Chevrolet,Colorado ZR2 4WD,Pickup truck: Small,2.7,4,A8,X,14.3,14.3,335,3,7
2023,Chevrolet,Corvette,Two-seater,6.2,8,AS8,Z,15,9.8,299,4,5
2023,Chevrolet,Corvette Z06,Two-seater,5.5,8,AS8,Z,19.4,11.4,371,2,3
2023,Chevrolet,Corvette Z06 Carbon Aero,Two-seater,5.5,8,AS8,Z,20,12.7,392,2,3
2023,Chevrolet,Equinox,SUV: Small,1.5,4,A6,X,8.9,7.7,197,6,7
2023,Chevrolet,Equinox AWD,SUV: Small,1.5,4,A6,X,9.9,7.9,211,5,7
2023,Chevrolet,Malibu,Mid-size,1.5,4,AV,X,8.6,6.8,181,6,7
2023,Chevrolet,Silverado,Pickup truck: Standard,2.7,4,A8,X,12.7,11.2,281,4,7
2023,Chevrolet,Silverado,Pickup truck: Standard,3,6,A10,D,10,8.1,247,5,5
2023,Chevrolet,Silverado,Pickup truck: Standard,5.3,8,A10,X,14,11.1,298,4,6
2023,Chevrolet,Silverado FFV,Pickup truck: Standard,5.3,8,A10,X,14.3,11.7,308,4,5
2023,Chevrolet,Silverado FFV,Pickup truck: Standard,5.3,8,A10,E,19.6,15.3,293,4,5
2023,Chevrolet,Silverado 4WD,Pickup truck: Standard,2.7,4,A8,X,12.9,11.5,288,4,7
2023,Chevrolet,Silverado 4WD Mud Terrain Tire,Pickup truck: Standard,2.7,4,A8,X,13.8,13.2,318,3,7
2023,Chevrolet,Silverado 4WD,Pickup truck: Standard,3,6,A10,D,10.7,8.7,264,4,5
2023,Chevrolet,Silverado 4WD Mud Terrain Tire,Pickup truck: Standard,3,6,A10,D,11.1,10.2,288,4,5
2023,Chevrolet,Silverado 4WD,Pickup truck: Standard,5.3,8,A10,X,14.8,11.8,325,3,6
2023,Chevrolet,Silverado 4WD FFV,Pickup truck: Standard,5.3,8,A10,X,15.2,12.2,326,3,5
2023,Chevrolet,Silverado 4WD FFV,Pickup truck: Standard,5.3,8,A10,E,21.3,16.6,318,3,5
2023,Chevrolet,Silverado 4WD Mud Terrain Tire,Pickup truck: Standard,5.3,8,A10,X,15.8,13.2,343,3,6
2023,Chevrolet,Silverado 4WD Mud Terrain Tire FFV,Pickup truck: Standard,5.3,8,A10,X,15.2,12.2,326,3,5
2023,Chevrolet,Silverado 4WD Mud Terrain Tire FFV,Pickup truck: Standard,5.3,8,A10,E,21.3,16.6,318,3,5
2023,Chevrolet,Silverado 4WD,Pickup truck: Standard,6.2,8,A10,Z,14.9,12,319,3,6
2023,Chevrolet,Silverado 4WD Mud Terrain Tire,Pickup truck: Standard,6.2,8,A10,Z,16.7,12.7,349,3,6
2023,Chevrolet,Silverado 4WD ZR2,Pickup truck: Standard,6.2,8,A10,Z,16.7,14,364,2,6
2023,Chevrolet,Suburban,SUV: Standard,3,6,A10,D,11.2,8.7,272,4,3
2023,Chevrolet,Suburban,SUV: Standard,5.3,8,A10,X,15.8,11.8,327,3,6
2023,Chevrolet,Suburban 4WD,SUV: Standard,3,6,A10,D,11.7,9,281,4,3
2023,Chevrolet,Suburban 4WD,SUV: Standard,5.3,8,A10,X,16,12.7,339,3,6
2023,Chevrolet,Suburban 4WD,SUV: Standard,6.2,8,A10,Z,16.6,13.1,352,3,6
2023,Chevrolet,Tahoe,SUV: Standard,3,6,A10,D,11,8.5,265,4,3
2023,Chevrolet,Tahoe,SUV: Standard,5.3,8,A10,X,15.8,11.8,327,3,6
2023,Chevrolet,Tahoe 4WD,SUV: Standard,3,6,A10,D,11.7,9,281,4,3
2023,Chevrolet,Tahoe 4WD,SUV: Standard,5.3,8,A10,X,15.8,11.8,327,3,6
2023,Chevrolet,Tahoe 4WD,SUV: Standard,6.2,8,A10,Z,16.6,13.1,352,3,6
2023,Chevrolet,Trailblazer,SUV: Small,1.2,3,AV,X,8,7.6,184,6,7
2023,Chevrolet,Trailblazer,SUV: Small,1.3,3,AV,X,8.1,7.2,180,6,7
2023,Chevrolet,Trailblazer AWD,SUV: Small,1.3,3,A9,X,8.9,7.8,197,6,7
2023,Chevrolet,Traverse AWD,SUV: Standard,3.6,6,A9,X,13.6,9.6,277,4,6
2023,Chrysler,300,Full-size,3.6,6,A8,X,12.4,7.8,242,5,5
2023,Chrysler,300,Full-size,5.7,8,A8,X,14.7,9.4,289,4,3
2023,Chrysler,300 AWD,Full-size,3.6,6,A8,X,12.8,8.7,258,4,5
2023,Chrysler,300C,Full-size,6.4,8,A8,Z,15.9,9.6,307,4,1
2023,Chrysler,Grand Caravan,Minivan,3.6,6,A9,X,12.4,8.4,249,5,7
2023,Chrysler,Pacifica,Minivan,3.6,6,A9,X,12.4,8.4,249,5,7
2023,Chrysler,Pacifica AWD,Minivan,3.6,6,A9,X,14.1,9.4,279,4,7
2023,Dodge,Challenger,Mid-size,3.6,6,A8,X,12.4,7.8,242,5,5
2023,Dodge,Challenger (MDS),Mid-size,5.7,8,A8,X,14.7,9.4,289,4,3
2023,Dodge,Challenger,Mid-size,5.7,8,M6,Z,15.6,10.1,307,4,1
2023,Dodge,Challenger (MDS),Mid-size,6.4,8,A8,Z,15.9,9.6,307,4,1
2023,Dodge,Challenger,Mid-size,6.4,8,M6,Z,16.7,10.4,325,3,1
2023,Dodge,Challenger AWD,Mid-size,3.6,6,A8,X,12.8,8.7,258,4,5
2023,Dodge,Challenger Widebody (MDS),Mid-size,6.4,8,A8,Z,15.9,9.6,307,4,1
2023,Dodge,Challenger Widebody,Mid-size,6.4,8,M6,Z,16.7,10.4,325,3,1
2023,Dodge,Challenger SRT Hellcat,Mid-size,6.2,8,A8,Z,17.6,10.7,339,3,1
2023,Dodge,Challenger SRT Hellcat,Mid-size,6.2,8,M6,Z,18.1,11.4,352,3,1
2023,Dodge,Challenger SRT Hellcat Widebody,Mid-size,6.2,8,A8,Z,18.6,11.4,359,2,1
2023,Dodge,Challenger SRT Hellcat Widebody,Mid-size,6.2,8,M6,Z,18.1,11.4,352,3,1
2023,Dodge,Charger,Full-size,3.6,6,A8,X,12.4,7.8,242,5,5
2023,Dodge,Charger (MDS),Full-size,5.7,8,A8,X,14.7,9.4,289,4,3
2023,Dodge,Charger (MDS),Full-size,6.4,8,A8,Z,15.9,9.6,307,4,1
2023,Dodge,Charger AWD,Full-size,3.6,6,A8,X,12.8,8.7,258,4,5
2023,Dodge,Charger Widebody (MDS),Full-size,6.4,8,A8,Z,15.9,9.6,307,4,1
2023,Dodge,Charger SRT Hellcat Widebody,Full-size,6.2,8,A8,Z,19,11.5,368,2,1
2023,Dodge,Durango AWD,SUV: Standard,3.6,6,A8,X,13,9.4,266,4,7
2023,Dodge,Durango AWD,SUV: Standard,5.7,8,A8,X,16.7,10.9,331,3,5
2023,Dodge,Durango AWD SRT,SUV: Standard,6.4,8,A8,Z,18.3,12.2,363,2,1
2023,Dodge,Durango AWD SRT Hellcat,SUV: Standard,6.2,8,A8,Z,20.5,13.8,410,1,1
2023,Dodge,Hornet AWD,SUV: Small,2,4,A9,X,11.2,8.2,231,5,7
2023,FIAT,500X AWD,SUV: Small,1.3,4,A9,X,10,7.9,221,5,6
2023,Ford,Bronco 4WD,SUV: Small,2.3,4,AS10,X,12.1,11.1,273,4,5
2023,Ford,Bronco 4WD,SUV: Small,2.3,4,M7,X,11.9,11.2,272,4,5
2023,Ford,Bronco 4WD,SUV: Small,2.7,6,AS10,X,12.5,11.5,283,4,5
2023,Ford,Bronco Badlands 4WD,SUV: Small,2.3,4,AS10,X,13.8,13.8,324,3,5
2023,Ford,Bronco Badlands 4WD,SUV: Small,2.3,4,M7,X,14.7,13.8,336,3,5
2023,Ford,Bronco Badlands 4WD,SUV: Small,2.7,6,AS10,X,14.1,14.1,331,3,5
2023,Ford,Bronco Black Diamond 4WD,SUV: Small,2.3,4,AS10,X,13.1,13.1,308,4,5
2023,Ford,Bronco Black Diamond 4WD,SUV: Small,2.3,4,M7,X,14.7,13.1,329,3,5
2023,Ford,Bronco Black Diamond 4WD,SUV: Small,2.7,6,AS10,X,13.1,13.1,308,4,5
2023,Ford,Bronco Raptor 4WD,SUV: Standard,3,6,AS10,X,15.7,14.8,358,2,5
2023,Ford,Bronco Sasquatch 4WD,SUV: Small,2.3,4,AS10,X,13.1,13.8,314,4,5
2023,Ford,Bronco Sasquatch 4WD,SUV: Small,2.3,4,M7,X,14.7,13.1,329,3,5
2023,Ford,Bronco Sasquatch 4WD,SUV: Small,2.7,6,AS10,X,14.1,14.1,331,3,5
2023,Ford,Bronco Sport 4WD,SUV: Small,1.5,3,A8,X,9.3,8.4,209,5,7
2023,Ford,Bronco Sport 4WD,SUV: Small,2,4,AS8,X,11.1,9,240,5,6
2023,Ford,Edge AWD,SUV: Small,2,4,A8,X,11.6,8.5,239,5,6
2023,Ford,Edge AWD,SUV: Small,2,4,AS8,X,11.5,8.4,238,5,6
2023,Ford,Edge AWD,SUV: Small,2.7,6,AS8,X,12.7,9.3,262,4,6
2023,Ford,Escape,SUV: Small,1.5,3,A8,X,8.9,6.9,188,6,8
2023,Ford,Escape AWD,SUV: Small,1.5,3,A8,X,9.2,7.4,197,6,8
2023,Ford,Escape AWD,SUV: Small,2,4,A8,X,10.2,7.6,211,5,7
2023,Ford,Escape Hybrid,SUV: Small,2.5,4,AV,X,5.6,6.5,140,7,8
2023,Ford,Escape Hybrid AWD,SUV: Small,2.5,4,AV,X,5.6,6.5,140,7,8
2023,Ford,Expedition 4X4,SUV: Standard,3.5,6,AS10,X,14.7,10.6,302,4,6
2023,Ford,Expedition 4X4 (Without Stop-Start),SUV: Standard,3.5,6,AS10,X,15.4,11.2,318,3,6
2023,Ford,Expedition Timberline 4X4,SUV: Standard,3.5,6,AS10,X,14.5,12.3,318,3,6
2023,Ford,Expedition Timberline 4X4 (Without Stop-Start),SUV: Standard,3.5,6,AS10,X,15.2,12.3,327,3,6
2023,Ford,Explorer AWD,SUV: Standard,2.3,4,A10,X,11.6,8.7,241,5,7
2023,Ford,Explorer AWD (Without Stop-Start),SUV: Standard,2.3,4,A10,X,12,9,251,5,7
2023,Ford,Explorer AWD,SUV: Standard,3,6,A10,X,13.4,9.8,277,4,5
2023,Ford,Explorer AWD (Without Stop-Start),SUV: Standard,3,6,A10,X,13.8,9.6,280,4,5
2023,Ford,Explorer AWD,SUV: Standard,3,6,AS10,X,13.4,9.8,277,4,5
2023,Ford,Explorer AWD (Without Stop-Start),SUV: Standard,3,6,AS10,X,13.9,9.7,282,4,5
2023,Ford,Explorer Timberline AWD,SUV: Standard,2.3,4,AS10,X,12.2,10.5,269,4,7
2023,Ford,Explorer Timberline AWD (Without Stop-Start),SUV: Standard,2.3,4,AS10,X,12.5,11,277,4,7
2023,Ford,Explorer Hybrid AWD,SUV: Standard,3.3,6,A10,X,10.1,9,225,5,6
2023,Ford,F-150,Pickup truck: Standard,2.7,6,AS10,X,12,9.2,252,5,6
2023,Ford,F-150 (Without Stop-Start),Pickup truck: Standard,2.7,6,AS10,X,13,9.6,269,4,6
2023,Ford,F-150 FFV,Pickup truck: Standard,3.3,6,AS10,X,12.2,9.8,261,4,6
2023,Ford,F-150 FFV,Pickup truck: Standard,3.3,6,AS10,E,16.8,12.8,244,5,6
2023,Ford,F-150 FFV (Without Stop-Start),Pickup truck: Standard,3.3,6,AS10,X,12.5,10.2,268,4,6
2023,Ford,F-150 FFV (Without Stop-Start),Pickup truck: Standard,3.3,6,AS10,E,17.5,12.4,253,5,6
2023,Ford,F-150,Pickup truck: Standard,3.5,6,AS10,X,13.4,10.2,281,4,6
2023,Ford,F-150 FFV,Pickup truck: Standard,5,8,AS10,X,14.1,10.2,291,4,5
2023,Ford,F-150 FFV,Pickup truck: Standard,5,8,AS10,E,19.4,13.2,270,4,5
2023,Ford,F-150 FFV (Without Stop-Start),Pickup truck: Standard,5,8,AS10,X,14.6,10.4,300,4,5
2023,Ford,F-150 FFV (Without Stop-Start),Pickup truck: Standard,5,8,AS10,E,19.9,13.8,279,4,5
2023,Ford,F-150 4X4,Pickup truck: Standard,2.7,6,AS10,X,12.8,10,271,4,6
2023,Ford,F-150 4X4 (Without Stop-Start),Pickup truck: Standard,2.7,6,AS10,X,13.5,10.2,280,4,6
2023,Ford,F-150 4X4 FFV,Pickup truck: Standard,3.3,6,AS10,X,12.6,10.7,277,4,6
2023,Ford,F-150 4X4 FFV,Pickup truck: Standard,3.3,6,AS10,E,17.1,13.1,247,5,6
2023,Ford,F-150 4X4,Pickup truck: Standard,3.5,6,AS10,X,13.6,10.3,284,4,6
2023,Ford,F-150 4X4 (Without Stop-Start),Pickup truck: Standard,3.5,6,AS10,X,14.6,11,308,4,6
2023,Ford,F-150 4X4 FFV,Pickup truck: Standard,5,8,AS10,X,14.2,10.9,298,4,5
2023,Ford,F-150 4X4 FFV,Pickup truck: Standard,5,8,AS10,E,19.7,13.8,278,4,5
2023,Ford,F-150 4X4 FFV (Without Stop-Start),Pickup truck: Standard,5,8,AS10,X,15,10.9,309,4,5
2023,Ford,F-150 4X4 FFV (Without Stop-Start),Pickup truck: Standard,5,8,AS10,E,20.4,14.1,286,4,5
2023,Ford,F-150 Raptor 4X4,Pickup truck: Standard,3.5,6,AS10,X,15.8,13.2,344,3,6
2023,Ford,F-150 Raptor 4X4 (Without Stop-Start),Pickup truck: Standard,3.5,6,AS10,X,16.8,13.2,357,2,6
2023,Ford,F-150 Raptor 37 4X4,Pickup truck: Standard,3.5,6,AS10,X,16,14.4,359,2,6
2023,Ford,F-150 Raptor 37 4X4 (Without Stop-Start),Pickup truck: Standard,3.5,6,AS10,X,16.6,14.8,370,2,6
2023,Ford,F-150 Raptor R 4X4,Pickup truck: Standard,5.2,8,AS10,X,22.8,15.9,460,1,5
2023,Ford,F-150 Tremor 4X4,Pickup truck: Standard,3.5,6,AS10,X,14.3,11.8,309,4,6
2023,Ford,F-150 Tremor 4X4 (Without Stop-Start),Pickup truck: Standard,3.5,6,AS10,X,14.6,11.6,311,4,6
2023,Ford,F-150 Tremor 4X4 FFV,Pickup truck: Standard,5,8,AS10,X,15.2,11.9,321,3,5
2023,Ford,F-150 Tremor 4X4 FFV,Pickup truck: Standard,5,8,AS10,E,20.3,15.2,295,4,5
2023,Ford,F-150 Tremor 4X4 FFV (Without Stop-Start),Pickup truck: Standard,5,8,AS10,X,15.4,11.8,322,3,5
2023,Ford,F-150 Tremor 4X4 FFV (Without Stop-Start),Pickup truck: Standard,5,8,AS10,E,20.7,15,298,4,5
2023,Ford,F-150 Hybrid,Pickup truck: Standard,3.5,6,AS10,X,10.1,10.1,236,5,6
2023,Ford,F-150 Hybrid 4X4,Pickup truck: Standard,3.5,6,AS10,X,10.5,10.4,245,5,6
2023,Ford,Maverick AWD,Pickup truck: Small,2,4,A8,X,10.9,8.4,230,5,6
2023,Ford,Maverick Tremor AWD,Pickup truck: Small,2,4,A8,X,11.9,9.9,257,4,6
2023,Ford,Maverick Hybrid,Pickup truck: Small,2.5,4,AV,X,5.8,7.1,149,7,7
2023,Ford,Mustang,Subcompact,2.3,4,A10,X,11,7.4,220,5,5
2023,Ford,Mustang,Subcompact,2.3,4,AS10,X,11.6,8.1,235,5,5
2023,Ford,Mustang (High Performance),Subcompact,2.3,4,AS10,X,11.7,8.6,242,5,5
2023,Ford,Mustang,Subcompact,2.3,4,M6,X,11.6,8.3,238,5,5
2023,Ford,Mustang (High Performance),Subcompact,2.3,4,M6,X,11.9,8.7,246,5,5
2023,Ford,Mustang,Subcompact,5,8,AS10,X,15.2,9.7,299,4,5
2023,Ford,Mustang,Subcompact,5,8,M6,X,16.2,10.2,317,3,5
2023,Ford,Mustang Convertible,Subcompact,2.3,4,A10,X,11.8,8.3,240,5,5
2023,Ford,Mustang Convertible,Subcompact,2.3,4,AS10,X,12,8.5,244,5,5
2023,Ford,Mustang Convertible (High Performance),Subcompact,2.3,4,AS10,X,12.1,8.9,252,5,5
2023,Ford,Mustang Convertible,Subcompact,2.3,4,M6,X,11.8,8.6,244,5,5
2023,Ford,Mustang Convertible (High Performance),Subcompact,2.3,4,M6,X,12.3,9.2,256,5,5
2023,Ford,Mustang Convertible,Subcompact,5,8,AS10,X,15.8,10.4,313,4,5
2023,Ford,Mustang Mach 1,Subcompact,5,8,AS10,X,15.2,10.1,303,4,5
2023,Ford,Mustang Mach 1,Subcompact,5,8,M6,X,17.3,11.3,343,3,5
2023,Ford,Ranger 4WD,Pickup truck: Standard,2.3,4,AS10,X,11.8,9.6,255,5,3
2023,Ford,Ranger 4WD (Without Stop-Start),Pickup truck: Standard,2.3,4,AS10,X,12.3,9.7,261,4,3
2023,Ford,Ranger Tremor 4WD,Pickup truck: Standard,2.3,4,AS10,X,12.4,12.3,293,4,3
2023,Ford,Transit Connect Van,Special purpose vehicle,2,4,AS8,X,9.8,8.9,221,5,6
2023,Ford,Transit Connect Wagon LWB,Special purpose vehicle,2,4,AS8,X,10,8.3,216,5,6
2023,Genesis,G70 AWD,Compact,2,4,AS8,Z,11.4,8.2,236,5,3
2023,Genesis,G70 AWD,Compact,3.3,6,AS8,Z,13.5,9.1,273,4,3
2023,Genesis,G80 AWD,Full-size,2.5,4,AS8,Z,10.8,7.9,225,5,5
2023,Genesis,G80 AWD,Full-size,3.5,6,AS8,Z,14.8,9.9,298,4,5
2023,Genesis,G90,Full-size,3.5,6,AM8,Z,13.6,9.6,274,4,5
2023,Genesis,GV70 AWD,SUV: Small,2.5,4,AS8,Z,10.7,8.4,229,5,5
2023,Genesis,GV70 AWD,SUV: Small,3.5,6,AS8,Z,12.9,10,275,4,5
2023,Genesis,GV80 AWD,SUV: Standard,2.5,4,AS8,Z,11.3,9.5,248,5,5
2023,Genesis,GV80 AWD,SUV: Standard,3.5,6,AS8,Z,12.9,10.4,279,4,5
2023,GMC,Acadia AWD,SUV: Standard,2,4,A9,X,10.8,8.7,232,5,7
2023,GMC,Acadia AWD,SUV: Standard,3.6,6,A9,X,12.6,9.2,259,4,6
2023,GMC,Canyon,Pickup truck: Small,2.7,4,A8,X,13,10.3,277,4,7
2023,GMC,Canyon 4WD,Pickup truck: Small,2.7,4,A8,X,13.5,11,290,4,7
2023,GMC,Canyon 4WD Mud Terrain Tire,Pickup truck: Small,2.7,4,A8,X,13.9,12,308,4,7
2023,GMC,Canyon AT4X 4WD,Pickup truck: Small,2.7,4,A8,X,14.3,14.3,335,3,7
2023,GMC,Sierra,Pickup truck: Standard,2.7,4,A8,X,12.7,11.2,281,4,7
2023,GMC,Sierra,Pickup truck: Standard,3,6,A10,D,10,8.1,247,5,5
2023,GMC,Sierra,Pickup truck: Standard,5.3,8,A10,X,14.3,11.2,303,4,6
2023,GMC,Sierra FFV,Pickup truck: Standard,5.3,8,A10,X,14.3,11.7,308,4,5
2023,GMC,Sierra FFV,Pickup truck: Standard,5.3,8,A10,E,19.6,15.3,293,4,5
2023,GMC,Sierra 4WD,Pickup truck: Standard,2.7,4,A8,X,13.1,11.6,291,4,7
2023,GMC,Sierra 4WD Mud Terrain Tire,Pickup truck: Standard,2.7,4,A8,X,13.8,13.2,318,3,7
2023,GMC,Sierra 4WD,Pickup truck: Standard,3,6,A10,D,10.7,8.7,264,4,5
2023,GMC,Sierra 4WD Mud Terrain Tire,Pickup truck: Standard,3,6,A10,D,11.1,10.2,288,4,5
2023,GMC,Sierra 4WD,Pickup truck: Standard,5.3,8,A10,X,14.8,11.8,325,3,6
2023,GMC,Sierra 4WD FFV,Pickup truck: Standard,5.3,8,A10,X,15.2,12.2,326,3,5
2023,GMC,Sierra 4WD FFV,Pickup truck: Standard,5.3,8,A10,E,21.3,16.6,318,3,5
2023,GMC,Sierra 4WD Mud Terrain Tire,Pickup truck: Standard,5.3,8,A10,X,16,13.2,346,3,6
2023,GMC,Sierra 4WD Mud Terrain Tire FFV,Pickup truck: Standard,5.3,8,A10,X,15.2,12.2,326,3,5
2023,GMC,Sierra 4WD Mud Terrain Tire FFV,Pickup truck: Standard,5.3,8,A10,E,21.3,16.6,318,3,5
2023,GMC,Sierra 4WD,Pickup truck: Standard,6.2,8,A10,Z,15.4,12.3,330,3,6
2023,GMC,Sierra 4WD Mud Terrain Tire,Pickup truck: Standard,6.2,8,A10,Z,16.7,14,364,2,6
2023,GMC,Sierra 4WD AT4X,Pickup truck: Standard,6.2,8,A10,Z,16.7,14,364,2,6
2023,GMC,Terrain,SUV: Small,1.5,4,A9,X,9.7,8.1,211,5,7
2023,GMC,Terrain AWD,SUV: Small,1.5,4,A9,X,9.9,8.3,216,5,7
2023,GMC,Yukon,SUV: Standard,3,6,A10,D,11.2,8.7,272,4,3
2023,GMC,Yukon,SUV: Standard,5.3,8,A10,X,15.8,11.8,327,3,6
2023,GMC,Yukon 4WD,SUV: Standard,3,6,A10,D,11.7,9,281,4,3
2023,GMC,Yukon 4WD,SUV: Standard,5.3,8,A10,X,15.8,11.8,327,3,6
2023,GMC,Yukon 4WD,SUV: Standard,6.2,8,A10,Z,16.6,13.1,352,3,6
2023,GMC,Yukon XL,SUV: Standard,3,6,A10,D,11.2,8.7,272,4,3
2023,GMC,Yukon XL,SUV: Standard,5.3,8,A10,X,15.8,11.8,327,3,6
2023,GMC,Yukon XL 4WD,SUV: Standard,3,6,A10,D,11.7,9,281,4,3
2023,GMC,Yukon XL 4WD,SUV: Standard,5.3,8,A10,X,16,12.7,339,3,6
2023,GMC,Yukon XL 4WD,SUV: Standard,6.2,8,A10,Z,16.6,13.1,352,3,6
2023,Honda,Accord,Full-size,1.5,4,AV,X,8.1,6.4,171,6,7
2023,Honda,Accord Hybrid Sport/Touring,Mid-size,2,4,AV,X,5,5.7,124,8,7
2023,Honda,Civic Hatchback,Full-size,1.5,4,AV7,X,7.7,6.3,166,6,7
2023,Honda,Civic Hatchback,Full-size,1.5,4,M6,X,8.5,6.3,175,6,6
2023,Honda,Civic Hatchback,Full-size,2,4,AV,X,8,6.2,167,6,7
2023,Honda,Civic Hatchback,Full-size,2,4,M6,X,9.1,6.6,186,6,6
2023,Honda,Civic Sedan,Mid-size,1.5,4,AV7,X,7.6,6.1,162,7,7
2023,Honda,Civic Sedan,Mid-size,2,4,AV,X,7.7,6,162,7,7
2023,Honda,Civic Sedan,Mid-size,2,4,AV7,X,7.8,6.3,165,6,7
2023,Honda,Civic Sedan Si,Mid-size,1.5,4,M6,Z,8.7,6.4,180,6,6
2023,Honda,Civic Type R,Full-size,2,4,M6,Z,10.8,8.3,224,5,6
2023,Honda,CR-V,SUV: Small,1.5,4,AV,X,8.4,7.1,181,6,7
2023,Honda,CR-V AWD,SUV: Small,1.5,4,AV,X,9.1,7.6,197,6,6
2023,Honda,CR-V Hybrid AWD,SUV: Small,2,4,AV,X,6,6.9,151,7,7
2023,Honda,HR-V,Station wagon: Small,2,4,AV,X,9.1,7.4,194,6,7
2023,Honda,HR-V AWD,Station wagon: Small,2,4,AV,X,9.4,7.8,203,5,7
2023,Honda,Odyssey,Minivan,3.5,6,AS10,X,12.2,8.5,248,5,5
2023,Honda,Passport AWD,SUV: Small,3.5,6,AS9,X,12.5,9.8,265,4,3
2023,Honda,Pilot AWD,SUV: Standard,3.5,6,AS10,X,12.4,9.3,258,4,7
2023,Honda,Pilot AWD Touring/Elite/Black,SUV: Standard,3.5,6,AS10,X,12.7,9.4,262,4,7
2023,Honda,Pilot AWD TrailSport,SUV: Standard,3.5,6,AS10,X,13,10.3,275,4,7
2023,Honda,Ridgeline AWD,Pickup truck: Standard,3.5,6,AS9,X,12.8,9.9,271,4,3
2023,Hyundai,Elantra,Mid-size,1.6,4,AM7,X,8.4,6.6,179,6,5
2023,Hyundai,Elantra,Mid-size,2,4,AV1,X,7.6,5.7,158,7,5
2023,Hyundai,Elantra (ISG),Mid-size,2,4,AV1,X,7.1,5.5,151,7,5
2023,Hyundai,Elantra N,Mid-size,2,4,AM8,Z,12.1,7.9,241,5,3
2023,Hyundai,Elantra N,Mid-size,2,4,M6,Z,10.9,7.7,223,5,3
2023,Hyundai,Elantra Hybrid,Mid-size,1.6,4,AM6,X,4.8,4.5,110,8,7
2023,Hyundai,Kona,SUV: Small,2,4,AV,X,8,6.6,174,6,7
2023,Hyundai,Kona N,SUV: Small,2,4,AM8,Z,11.8,8.7,246,5,3
2023,Hyundai,Kona AWD,SUV: Small,1.6,4,AM7,X,8.8,7.4,193,6,5
2023,Hyundai,Kona AWD,SUV: Small,2,4,AV,X,8.5,7.2,187,6,7
2023,Hyundai,Palisade AWD,SUV: Small,3.8,6,AS8,X,12.6,9.5,263,4,5
2023,Hyundai,Santa Cruz AWD,Pickup truck: Small,2.5,4,AM8,X,12.1,8.7,250,5,5
2023,Hyundai,Santa Fe AWD,SUV: Small,2.5,4,AM8,X,11,8.5,233,5,5
2023,Hyundai,Santa Fe AWD,SUV: Small,2.5,4,AS8,X,10.6,9.3,235,5,7
2023,Hyundai,Santa Fe Hybrid,SUV: Small,1.6,4,AM6,X,7.1,7.9,176,6,7
2023,Hyundai,Sonata,Full-size,1.6,4,AS8,X,9,6.5,186,6,5
2023,Hyundai,Sonata,Full-size,2.5,4,AM8,X,10.1,7.2,208,5,5
2023,Hyundai,Sonata,Full-size,2.5,4,AS8,X,8.8,6.4,182,6,7
2023,Hyundai,Sonata Hybrid,Full-size,2,4,AM6,X,5.3,4.6,117,8,7
2023,Hyundai,Tucson,SUV: Small,2.5,4,AS8,X,9.4,7.4,200,6,7
2023,Hyundai,Tucson AWD,SUV: Small,2.5,4,AS8,X,10.1,8.3,218,5,7
2023,Hyundai,Tucson Hybrid,SUV: Small,1.6,4,AM6,X,6.3,6.6,152,7,7
2023,Hyundai,Venue,Mid-size,1.6,4,AV1,X,7.9,6.9,177,6,5
2023,Infiniti,Q50 AWD,Mid-size,3,6,AS7,Z,12.5,8.7,254,5,3
2023,Infiniti,Q50 AWD Red Sport,Mid-size,3,6,AS7,Z,12.5,9.3,261,4,3
2023,Infiniti,QX50 AWD,SUV: Small,2,4,AV8,Z,10.8,8.3,228,5,6
2023,Infiniti,QX55 AWD,SUV: Small,2,4,AV8,Z,10.4,8.3,222,5,6
2023,Infiniti,QX60 AWD,SUV: Standard,3.5,6,AS9,Z,11.9,9.3,251,5,5
2023,Infiniti,QX80 4WD,SUV: Standard,5.6,8,AS7,Z,17.5,12.2,355,3,3
2023,Jaguar,E-PACE P250,SUV: Small,2,4,AS9,Z,11.5,9.2,247,5,7
2023,Jaguar,F-PACE P250,SUV: Small,2,4,AS8,Z,10.7,8.8,227,5,7
2023,Jaguar,F-PACE P400,SUV: Small,3,6,AS8,Z,12.1,9.1,253,5,7
2023,Jaguar,F-PACE P550 SVR,SUV: Small,5,8,AS8,Z,15.4,11,316,3,3
2023,Jaguar,F-TYPE P450 Convertible,Two-seater,5,8,AS8,Z,14.1,9.7,286,4,3
2023,Jaguar,F-TYPE P450 Convertible AWD,Two-seater,5,8,AS8,Z,15.2,9.8,299,4,3
2023,Jaguar,F-TYPE P450 Coupe,Two-seater,5,8,AS8,Z,14.1,9.7,286,4,3
2023,Jaguar,F-TYPE P450 Coupe AWD,Two-seater,5,8,AS8,Z,15.2,9.8,299,4,3
2023,Jaguar,F-TYPE R Convertible AWD,Two-seater,5,8,AS8,Z,15.2,9.8,299,4,3
2023,Jaguar,F-TYPE R Coupe AWD,Two-seater,5,8,AS8,Z,15.2,9.8,299,4,3
2023,Jaguar,XF P250,Mid-size,2,4,AS8,Z,9.4,7.1,197,6,7
2023,Jaguar,XF P300 AWD,Mid-size,2,4,AS8,Z,10.6,7.7,219,5,7
2023,Jeep,Cherokee 4X4 Active Drive I,SUV: Small,2.4,4,A9,X,11.2,8,230,5,6
2023,Jeep,Cherokee 4X4 Trailhawk Active Drive Lock,SUV: Small,2,4,A9,X,11.8,9.2,249,5,5
2023,Jeep,Compass 4X4,SUV: Small,2,4,A8,X,9.9,7.4,205,5,7
2023,Jeep,Gladiator 4X4 EcoDiesel,Pickup truck: Standard,3,6,A8,D,10.8,8.5,263,4,1
2023,Jeep,Gladiator 4X4 Rubicon EcoDiesel,Pickup truck: Standard,3,6,A8,D,11,8.7,271,4,1
2023,Jeep,Gladiator 4X4,Pickup truck: Standard,3.6,6,A8,X,13.7,10.7,290,4,7
2023,Jeep,Gladiator 4X4,Pickup truck: Standard,3.6,6,M6,X,14.3,10.4,296,4,5
2023,Jeep,Grand Cherokee 4X4,SUV: Standard,3.6,6,A8,X,12.3,9.2,256,5,7
2023,Jeep,Grand Cherokee 4X4,SUV: Standard,5.7,8,A8,X,16.7,10.9,331,3,5
2023,Jeep,Grand Cherokee L 4X4,SUV: Standard,3.6,6,A8,X,13,9.4,266,4,7
2023,Jeep,Grand Cherokee L 4X4,SUV: Standard,5.7,8,A8,X,16.7,10.9,331,3,5
2023,Jeep,Grand Wagoneer 4X4 (High Output),SUV: Standard,3,6,A8,Z,16.3,11.8,334,3,5
2023,Jeep,Grand Wagoneer 4X4,SUV: Standard,6.4,8,A8,Z,18.6,12.8,374,2,1
2023,Jeep,Grand Wagoneer L 4X4 (High Output),SUV: Standard,3,6,A8,Z,17,12.5,352,3,5
2023,Jeep,Renegade 4X4,SUV: Small,1.3,4,A9,X,10.1,8.1,222,5,6
2023,Jeep,Renegade 4X4 Trailhawk,SUV: Small,1.3,4,A9,X,10.8,8.7,231,5,6
2023,Jeep,Wagoneer 4X4,SUV: Standard,3,6,A8,X,14.5,10.1,293,4,6
2023,Jeep,Wagoneer 4X4,SUV: Standard,5.7,8,A8,X,15.6,11.7,324,3,5
2023,Jeep,Wagoneer L 4X4,SUV: Standard,3,6,A8,X,14.5,10.4,297,4,6
2023,Jeep,Wrangler JL 4X4,SUV: Small,2,4,A8,X,10.7,9.8,241,5,5
2023,Jeep,Wrangler JL 4X4,SUV: Small,3.6,6,A8,X,12.8,10.4,274,4,7
2023,Jeep,Wrangler JL 4X4 eTorque,SUV: Small,3.6,6,A8,X,12,9.8,258,4,7
2023,Jeep,Wrangler JL 4X4,SUV: Small,3.6,6,M6,X,13.7,9.6,277,4,5
2023,Jeep,Wrangler JL Unlimited 4X4,SUV: Small,2,4,A8,X,11.5,9.9,251,5,5
2023,Jeep,Wrangler JL Unlimited 4X4 EcoDiesel,SUV: Small,3,6,A8,D,10.6,8.1,255,5,1
2023,Jeep,Wrangler JL Unlimited 4X4 Rubicon EcoDiesel,SUV: Small,3,6,A8,D,11.2,9,275,4,1
2023,Jeep,Wrangler JL Unlimited 4X4,SUV: Small,3.6,6,A8,X,12.9,10.2,275,4,7
2023,Jeep,Wrangler JL Unlimited 4X4 eTorque,SUV: Small,3.6,6,A8,X,12.3,9.9,262,4,7
2023,Jeep,Wrangler JL Unlimited 4X4,SUV: Small,3.6,6,M6,X,13.8,10.1,285,4,5
2023,Jeep,Wrangler JL Unlimited 4X4 392,SUV: Small,6.4,8,A8,Z,18.5,14.1,387,2,1
2023,Kia,Carnival,Minivan,3.5,6,AS8,X,12.1,8.9,252,5,5
2023,Kia,Forte,Mid-size,1.6,4,AM7,X,8.7,6.6,184,6,5
2023,Kia,Forte,Mid-size,2,4,AV,X,8.2,6,170,6,7
2023,Kia,Forte 5,Full-size,1.6,4,AM7,X,8.9,6.9,190,6,5
2023,Kia,Forte 5,Full-size,2,4,AV,X,8.6,6.5,182,6,7
2023,Kia,K5,Full-size,2.5,4,AM8,X,9.9,7.3,207,5,5
2023,Kia,K5 AWD,Full-size,1.6,4,AS8,X,9.3,7,196,6,5
2023,Kia,Niro,Station wagon: Small,1.6,4,AM6,X,4.5,5.2,112,8,7
2023,Kia,Niro FE,Station wagon: Small,1.6,4,AM6,X,4.5,4.4,104,9,7
2023,Kia,Rio,Compact,1.6,4,AV1,X,7.2,6.1,160,7,3
2023,Kia,Rio,Compact,1.6,4,M6,X,7.7,6.1,166,6,3
2023,Kia,Seltos,SUV: Small,2,4,AV8,X,8.2,7.1,182,6,5
2023,Kia,Seltos AWD,SUV: Small,1.6,4,AM7,X,9.4,7.9,205,5,5
2023,Kia,Seltos AWD,SUV: Small,2,4,AV8,X,8.8,7.6,195,6,5
2023,Kia,Sorento AWD,SUV: Small,2.5,4,AM8,X,10.9,8.7,234,5,5
2023,Kia,Sorento AWD,SUV: Small,2.5,4,AS8,X,10.1,9.2,227,5,5
2023,Kia,Sorento Hybrid AWD,SUV: Small,1.6,4,AM6,X,6.4,7,157,7,7
2023,Kia,Soul,Station wagon: Small,2,4,AV,X,8.5,7,187,6,7
2023,Kia,Sportage,SUV: Small,2.5,4,AS8,X,9.3,7.4,198,6,5
2023,Kia,Sportage AWD,SUV: Small,2.5,4,AS8,X,10.4,8.5,224,5,5
2023,Kia,Sportage Hybrid AWD,SUV: Small,1.6,4,AM6,X,6.1,6.3,145,7,7
2023,Kia,Stinger AWD,Mid-size,3.3,6,AS8,Z,13.7,9.6,280,4,3
2023,Kia,Telluride AWD,SUV: Small,3.8,6,AS8,X,12.8,9.8,269,4,5
2023,Lamborghini,Huracán EVO Coupe,Two-seater,5.2,10,AM7,Z,18,13.1,368,2,1
2023,Lamborghini,Huracán EVO Coupe AWD,Two-seater,5.2,10,AM7,Z,18.2,13.2,370,2,1
2023,Lamborghini,Huracán EVO Spyder,Two-seater,5.2,10,AM7,Z,18,13.1,368,2,1
2023,Lamborghini,Huracán EVO Spyder AWD,Two-seater,5.2,10,AM7,Z,18.2,13.2,370,2,1
2023,Lamborghini,Urus Performante,SUV: Standard,4,8,AS8,Z,16.6,12.5,345,3,3
2023,Lamborghini,Urus S,SUV: Standard,4,8,AS8,Z,16.6,12.5,345,3,3
2023,Land Rover,Defender 90 P300,SUV: Standard,2,4,AS8,Z,13.2,11.3,289,4,7
2023,Land Rover,Defender 90 P400,SUV: Standard,3,6,AS8,Z,12.9,10.4,276,4,7
2023,Land Rover,Defender 90 5.0L V8,SUV: Standard,5,8,AS8,Z,15.8,12.4,339,3,3
2023,Land Rover,Defender 110 P300,SUV: Standard,2,4,AS8,Z,14.2,11.7,306,4,7
2023,Land Rover,Defender 110 P400,SUV: Standard,3,6,AS8,Z,12.9,10.4,276,4,7
2023,Land Rover,Defender 110 5.0L V8,SUV: Standard,5,8,AS8,Z,16.4,12.7,350,3,3
2023,Land Rover,Discovery P300,SUV: Standard,2,4,AS8,Z,12.2,10.6,271,4,7
2023,Land Rover,Discovery P360,SUV: Standard,3,6,AS8,Z,12.1,9.3,258,4,7
2023,Land Rover,Discovery Sport P250,SUV: Small,2,4,AS9,Z,12.7,10,271,4,7
2023,Land Rover,Range Rover P400,SUV: Standard,3,6,AS8,Z,13.1,9.1,265,4,7
2023,Land Rover,Range Rover P400 LWB,SUV: Standard,3,6,AS8,Z,13.1,9.1,265,4,7
2023,Land Rover,Range Rover P530,SUV: Standard,4.4,8,AS8,Z,15.1,11.1,316,4,5
2023,Land Rover,Range Rover P530 LWB,SUV: Standard,4.4,8,AS8,Z,15.2,11,314,4,5
2023,Land Rover,Range Rover Sport P360,SUV: Standard,3,6,AS8,Z,12.3,9,254,5,7
2023,Land Rover,Range Rover Sport HST P400,SUV: Standard,3,6,AS8,Z,13.1,9.1,265,4,7
2023,Land Rover,Range Rover Sport P530,SUV: Standard,4.4,8,AS8,Z,15.1,11.1,316,4,5
2023,Land Rover,Range Rover Evoque P250,SUV: Small,2,4,AS9,Z,11.9,8.8,247,5,7
2023,Land Rover,Range Rover Evoque P300,SUV: Small,2,4,AS9,Z,11.3,9.1,244,5,7
2023,Land Rover,Range Rover Velar P250,SUV: Small,2,4,AS8,Z,11.5,9,244,5,7
2023,Land Rover,Range Rover Velar P340,SUV: Small,3,6,AS8,Z,11.8,9,248,5,7
2023,Land Rover,Range Rover Velar P400,SUV: Small,3,6,AS8,Z,12.6,9.5,265,4,7
2023,Lexus,ES 250 AWD,Mid-size,2.5,4,AS8,X,9.5,7,195,6,6
2023,Lexus,ES 300h,Mid-size,2.5,4,AV6,X,5.5,5.2,124,8,7
2023,Lexus,ES 350,Mid-size,3.5,6,AS8,X,10.7,7.3,214,5,5
2023,Lexus,ES 350 F SPORT,Mid-size,3.5,6,AS8,X,10.9,7.5,219,5,5
2023,Lexus,GX 460,SUV: Standard,4.6,8,AS6,Z,16.2,12.3,337,3,3
2023,Lexus,IS 300,Compact,2,4,AS8,Z,11,7.6,221,5,5
2023,Lexus,IS 300 AWD,Compact,3.5,6,AS6,Z,12.2,9,253,5,5
2023,Lexus,IS 350 AWD,Compact,3.5,6,AS6,Z,12.2,9,253,5,5
2023,Lexus,IS 500,Compact,5,8,AS8,Z,14.1,9.3,280,4,5
2023,Lexus,LC 500,Subcompact,5,8,AS10,Z,15.1,9.6,294,4,5
2023,Lexus,LC 500 Convertible,Minicompact,5,8,AS10,Z,16,9.5,304,4,5
2023,Lexus,LC 500h,Subcompact,3.5,6,AV10,Z,9,7.1,189,6,7
2023,Lexus,LS 500 AWD,Mid-size,3.4,6,AS10,Z,13.8,8.7,270,4,5
2023,Lexus,LS 500h AWD,Mid-size,3.5,6,AV10,Z,10.1,8.1,217,5,7
2023,Lexus,LX 600,SUV: Standard,3.4,6,AS10,Z,14.2,10.8,298,4,5
2023,Lexus,NX 250 AWD,SUV: Small,2.5,4,AS8,X,9.4,7.4,198,6,6
2023,Lexus,NX 350 AWD,SUV: Small,2.4,4,AS8,Z,10.5,8.3,221,5,7
2023,Lexus,NX 350 AWD F SPORT,SUV: Small,2.4,4,AS8,Z,10.5,8.4,222,5,7
2023,Lexus,NX 350h AWD,SUV: Small,2.5,4,AV6,Z,5.7,6.4,139,7,7
2023,Lexus,RC 300 AWD,Subcompact,3.5,6,AS6,Z,12.2,9,253,5,5
2023,Lexus,RC 350 AWD,Subcompact,3.5,6,AS6,Z,12.2,9,253,5,5
2023,Lexus,RC F,Subcompact,5,8,AS8,Z,14.4,9.6,285,4,5
2023,Lexus,RX 350 AWD,SUV: Small,2.4,4,AS8,Z,11.2,8.4,231,5,7
2023,Lexus,RX 350h AWD,SUV: Small,2.5,4,AV6,Z,6.3,6.8,151,7,7
2023,Lexus,RX 500h AWD,SUV: Small,2.4,4,AS6,Z,8.7,8.4,199,6,7
2023,Lexus,UX 250h AWD,Compact,2,4,AV6,X,5.7,6.2,140,7,7
2023,Lincoln,Aviator AWD,SUV: Standard,3,6,AS10,X,13.7,9.7,280,4,5
2023,Lincoln,Aviator AWD (Without Stop-Start),SUV: Standard,3,6,AS10,X,14.7,9.8,292,4,5
2023,Lincoln,Corsair AWD,SUV: Small,2,4,AS8,X,11.2,8.3,232,5,7
2023,Lincoln,Nautilus AWD,SUV: Small,2,4,A8,X,11.6,9.4,249,5,6
2023,Lincoln,Nautilus AWD,SUV: Small,2,4,AS8,X,11.5,9.4,249,5,6
2023,Lincoln,Nautilus AWD,SUV: Small,2.7,6,AS8,X,12.7,9.3,262,4,6
2023,Lincoln,Navigator 4X4,SUV: Standard,3.5,6,AS10,X,15.2,10.8,310,4,6
2023,Lincoln,Navigator 4X4 (Without Stop-Start),SUV: Standard,3.5,6,AS10,X,15.7,11.1,320,3,6
2023,Maserati,Ghibli GT,Mid-size,3,6,A8,Z,13.4,9.4,271,4,3
2023,Maserati,Ghibli Modena,Mid-size,3,6,A8,Z,13.4,9.4,271,4,3
2023,Maserati,Ghibli Modena AWD,Mid-size,3,6,A8,Z,14.1,9.5,284,4,3
2023,Maserati,Ghibli Trofeo,Mid-size,3.8,8,A8,Z,17.4,11.9,348,3,1
2023,Maserati,Grecale GT,SUV: Small,2,4,A8,Z,10.6,8,218,5,5
2023,Maserati,Grecale Modena,SUV: Small,2,4,A8,Z,10.6,8,218,5,5
2023,Maserati,Grecale Trofeo,SUV: Small,3,6,A8,Z,13.3,9.5,268,4,5
2023,Maserati,Levante GT,SUV: Standard,3,6,A8,Z,15.1,10.9,308,4,3
2023,Maserati,Levante Modena,SUV: Standard,3,6,A8,Z,15.1,10.9,308,4,3
2023,Maserati,Levante Modena V8,SUV: Standard,3.8,8,A8,Z,17.4,12,349,3,1
2023,Maserati,Levante Trofeo,SUV: Standard,3.8,8,A8,Z,17.4,12,349,3,1
2023,Maserati,MC20,Two-seater,3,6,AS8,Z,15.4,9.5,295,4,5
2023,Maserati,MC20 Spyder,Two-seater,3,6,AS8,Z,15.6,9.4,299,4,5
2023,Maserati,Quattroporte GT,Full-size,3,6,A8,Z,14.4,9.3,281,4,3
2023,Maserati,Quattroporte Modena,Full-size,3,6,A8,Z,14.4,9.3,281,4,3
2023,Maserati,Quattroporte Modena AWD,Full-size,3,6,A8,Z,14.1,9.5,284,4,3
2023,Maserati,Quattroporte Trofeo,Full-size,3.8,8,A8,Z,17.4,11.9,348,3,1
2023,Mazda,CX-30 4WD,SUV: Small,2,4,AS6,X,9.4,7.7,202,5,7
2023,Mazda,CX-30 4WD,SUV: Small,2.5,4,AS6,X,9,7.1,192,6,7
2023,Mazda,CX-30 Turbo 4WD,SUV: Small,2.5,4,AS6,X,10.5,7.9,220,5,5
2023,Mazda,CX-5 4WD,SUV: Small,2.5,4,AS6,X,9.8,7.9,209,5,6
2023,Mazda,CX-5 Turbo 4WD,SUV: Small,2.5,4,AS6,X,10.8,8.7,230,5,5
2023,Mazda,CX-50 4WD,SUV: Small,2.5,4,AS6,X,9.7,7.9,209,5,7
2023,Mazda,CX-50 Turbo 4WD,SUV: Small,2.5,4,AS6,X,10.4,8.1,220,5,3
2023,Mazda,CX-9 4WD,SUV: Small,2.5,4,AS6,X,11.6,9.1,245,5,5
2023,Mazda,Mazda3 4-Door,Compact,2,4,AS6,X,8.4,6.6,178,6,7
2023,Mazda,Mazda3 4-Door (SIL),Compact,2,4,M6,X,8.7,6.4,180,6,7
2023,Mazda,Mazda3 4-Door,Compact,2.5,4,AS6,X,8.6,6.4,179,6,7
2023,Mazda,Mazda3 4-Door 4WD,Compact,2.5,4,AS6,X,8.8,6.6,185,6,7
2023,Mazda,Mazda3 4-Door Turbo 4WD,Compact,2.5,4,AS6,X,10.1,7.3,207,5,5
2023,Mazda,Mazda3 5-Door,Mid-size,2,4,AS6,X,8.6,6.7,181,6,7
2023,Mazda,Mazda3 5-Door (SIL),Mid-size,2,4,M6,X,8.7,6.6,181,6,7
2023,Mazda,Mazda3 5-Door,Mid-size,2.5,4,AS6,X,8.7,6.7,183,6,7
2023,Mazda,Mazda3 5-Door (SIL),Mid-size,2.5,4,M6,X,9,6.4,184,6,7
2023,Mazda,Mazda3 5-Door 4WD,Mid-size,2.5,4,AS6,X,9,7,190,6,7
2023,Mazda,Mazda3 5-Door Turbo 4WD,Mid-size,2.5,4,AS6,X,10.1,7.5,209,5,5
2023,Mazda,MX-5,Two-seater,2,4,AS6,Z,9,6.6,186,6,3
2023,Mazda,MX-5 (SIL),Two-seater,2,4,M6,Z,9,7,189,6,3
2023,Mercedes-Benz,AMG C 43 4MATIC Cabriolet,Subcompact,3,6,A9,Z,13.3,9.2,268,4,5
2023,Mercedes-Benz,AMG C 43 4MATIC Coupe,Subcompact,3,6,A9,Z,12.9,8.7,257,5,5
2023,Mercedes-Benz,AMG CLA 35 4MATIC Coupe,Compact,2,4,AM7,Z,11.4,8.1,232,5,5
2023,Mercedes-Benz,AMG CLA 45 4MATIC Coupe,Compact,2,4,AM8,Z,12,8.3,241,5,3
2023,Mercedes-Benz,AMG CLS 53 4MATIC+ Coupe,Compact,3,6,A9,Z,11.6,8.8,241,5,6
2023,Mercedes-Benz,AMG E 53 4MATIC+ Sedan,Mid-size,3,6,A9,Z,11,8.1,227,5,6
2023,Mercedes-Benz,AMG E 53 4MATIC+ Cabriolet,Subcompact,3,6,A9,Z,11.6,8.7,242,5,6
2023,Mercedes-Benz,AMG E 53 4MATIC+ Coupe,Subcompact,3,6,A9,Z,11.5,8.5,238,5,6
2023,Mercedes-Benz,AMG GLA 35 4MATIC SUV,Station wagon: Small,2,4,AM8,Z,10.7,8,222,5,5
2023,Mercedes-Benz,AMG GLA 45 4MATIC SUV,Station wagon: Small,2,4,AM8,Z,12.2,9.3,256,5,3
2023,Mercedes-Benz,AMG GLB 35 4MATIC SUV,Station wagon: Mid-size,2,4,AM8,Z,11.3,8.7,238,5,5
2023,Mercedes-Benz,AMG GLC 43 4MATIC Coupe,SUV: Small,3,6,A9,Z,13.5,9.7,274,4,5
2023,Mercedes-Benz,AMG GLE 53 4MATIC+ SUV,SUV: Standard,3,6,A9,Z,13.4,10.7,284,4,6
2023,Mercedes-Benz,AMG GLE 53 4MATIC+ Coupe,SUV: Standard,3,6,A9,Z,13.1,10.4,277,4,6
2023,Mercedes-Benz,AMG GLE 63 S 4MATIC+ SUV,SUV: Standard,4,8,A9,Z,16.3,12.6,343,3,5
2023,Mercedes-Benz,AMG GLE 63 S 4MATIC+ Coupe,SUV: Standard,4,8,A9,Z,16.5,12.8,347,3,5
2023,Mercedes-Benz,AMG GLS 63 4MATIC+ SUV,SUV: Standard,4,8,A9,Z,16.6,13.2,354,3,5
2023,Mercedes-Benz,AMG GT 53 4MATIC+ Coupe,Compact,3,6,A9,Z,12.3,9.8,262,4,6
2023,Mercedes-Benz,C 300 4MATIC Cabriolet,Subcompact,2,4,A9,Z,11,7.8,223,5,6
2023,Mercedes-Benz,C 300 4MATIC Coupe,Subcompact,2,4,A9,Z,10.7,7.6,218,5,6
2023,Mercedes-Benz,C 300 4MATIC Sedan,Compact,2,4,A9,Z,9.8,7.1,201,6,7
2023,Mercedes-Benz,CLA 250 4MATIC Coupe,Compact,2,4,AM7,Z,9.8,7,200,6,5
2023,Mercedes-Benz,CLS 450 4MATIC Coupe,Compact,3,6,A9,Z,11,8.2,229,5,6
2023,Mercedes-Benz,E 350 4MATIC Sedan,Mid-size,2,4,A9,Z,11.2,8,228,5,6
2023,Mercedes-Benz,E 450 4MATIC Cabriolet,Subcompact,3,6,A9,Z,11.2,8.4,233,5,6
2023,Mercedes-Benz,E 450 4MATIC Coupe,Subcompact,3,6,A9,Z,11,8,225,5,6
2023,Mercedes-Benz,E 450 4MATIC Sedan,Mid-size,3,6,A9,Z,10.6,7.8,219,5,6
2023,Mercedes-Benz,E 450 4MATIC All-Terrain Wagon,Station wagon: Mid-size,3,6,A9,Z,11.4,8.3,233,5,6
2023,Mercedes-Benz,G 550 SUV,SUV: Standard,4,8,A9,Z,17.9,14.4,383,2,3
2023,Mercedes-Benz,GLA 250 4MATIC SUV,SUV: Small,2,4,AM8,Z,10.3,7.3,210,5,5
2023,Mercedes-Benz,GLB 250 4MATIC SUV,SUV: Small,2,4,AM8,Z,10.7,7.9,221,5,5
2023,Mercedes-Benz,GLC 300 4MATIC Coupe,SUV: Small,2,4,A9,Z,12.2,9.2,253,5,6
2023,Mercedes-Benz,GLE 350 4MATIC SUV,SUV: Standard,2,4,A9,Z,12.1,9.6,257,5,5
2023,Mercedes-Benz,GLE 450 4MATIC SUV,SUV: Standard,3,6,A9,Z,11.5,9.3,245,5,6
2023,Mercedes-Benz,GLE 450 4MATIC Coupe,SUV: Standard,3,6,A9,Z,11.7,9.2,247,5,6
2023,Mercedes-Benz,GLS 450 4MATIC SUV,SUV: Standard,3,6,A9,Z,12.7,10.1,270,4,6
2023,Mercedes-Benz,GLS 580 4MATIC SUV,SUV: Standard,4,8,A9,Z,14.9,11.2,310,4,5
2023,Mercedes-Benz,GLS 600 4MATIC Maybach SUV,SUV: Standard,4,8,A9,Z,16.8,12.4,346,3,5
2023,Mercedes-Benz,Maybach S 580 4MATIC Sedan,Full-size,4,8,A9,Z,15.9,9.6,305,4,5
2023,Mercedes-Benz,Metris Cargo Van,Special purpose vehicle,2,4,A9,Z,12.6,10.4,271,4,6
2023,Mercedes-Benz,Metris Cargo Van LWB,Special purpose vehicle,2,4,A9,Z,12.6,10.4,271,4,6
2023,Mercedes-Benz,Metris Passenger Van,Special purpose vehicle,2,4,A9,Z,13.4,10.8,285,4,6
2023,Mercedes-Benz,S 500 4MATIC Sedan,Full-size,3,6,A9,Z,12,8.4,242,5,6
2023,Mercedes-Benz,S 580 4MATIC Sedan,Full-size,4,8,A9,Z,14.3,9.5,285,4,5
2023,MINI,Cooper 3 Door,Subcompact,1.5,3,AM7,Z,8.2,6.2,170,6,7
2023,MINI,Cooper 3 Door,Subcompact,1.5,3,M6,Z,8.6,6.3,177,6,7
2023,MINI,Cooper 5 Door,Subcompact,1.5,3,AM7,Z,8.2,6.2,170,6,7
2023,MINI,Cooper 5 Door,Subcompact,1.5,3,M6,Z,8.6,6.3,177,6,7
2023,MINI,Cooper Clubman ALL4,Mid-size,1.5,3,AS8,Z,9.6,7.1,199,6,7
2023,MINI,Cooper Convertible,Minicompact,1.5,3,AM7,Z,8.2,6.2,170,6,7
2023,MINI,Cooper Convertible,Minicompact,1.5,3,M6,Z,8.6,6.3,177,6,7
2023,MINI,Cooper Countryman,Mid-size,1.5,3,AM7,Z,9.1,7.3,194,6,7
2023,MINI,Cooper Countryman ALL4,Mid-size,1.5,3,AS8,Z,10.1,7.6,209,5,7
2023,MINI,Cooper S 3 Door,Subcompact,2,4,AM7,Z,8.5,6.2,174,6,7
2023,MINI,Cooper S 3 Door,Subcompact,2,4,M6,Z,10.3,7,205,5,7
2023,MINI,Cooper S 5 Door,Subcompact,2,4,AM7,Z,8.5,6.2,174,6,7
2023,MINI,Cooper S 5 Door,Subcompact,2,4,M6,Z,10.3,7,205,5,7
2023,MINI,Cooper S Clubman,Mid-size,2,4,AM7,Z,9.3,6.8,191,6,7
2023,MINI,Cooper S Clubman,Mid-size,2,4,M6,Z,10.9,7.4,217,5,7
2023,MINI,Cooper S Clubman ALL4,Mid-size,2,4,AS8,Z,10.1,7.3,206,5,7
2023,MINI,Cooper S Convertible,Minicompact,2,4,AM7,Z,8.8,6.5,182,6,7
2023,MINI,Cooper S Convertible,Minicompact,2,4,M6,Z,10.1,7.1,205,5,7
2023,MINI,Cooper S Countryman,Mid-size,2,4,AM7,Z,9.7,7.2,199,6,7
2023,MINI,Cooper S Countryman ALL4,Mid-size,2,4,AS8,Z,10.4,7.5,212,5,7
2023,MINI,John Cooper Works 3 Door,Subcompact,2,4,AS8,Z,9.3,6.9,191,6,7
2023,MINI,John Cooper Works 3 Door,Subcompact,2,4,M6,Z,10.7,7.5,216,5,7
2023,MINI,John Cooper Works Clubman ALL4,Mid-size,2,4,AS8,Z,10.1,7.6,210,5,3
2023,MINI,John Cooper Works Convertible,Minicompact,2,4,AS8,Z,9.7,7.2,200,6,7
2023,MINI,John Cooper Works Countryman ALL4,Mid-size,2,4,AS8,Z,10,7.8,210,5,3
2023,Mitsubishi,Eclipse Cross 4WD,SUV: Small,1.5,4,AV8,X,9.6,8.9,216,5,5
2023,Mitsubishi,Mirage,Compact,1.2,3,AV,X,6.6,5.6,143,7,5
2023,Mitsubishi,Mirage,Compact,1.2,3,M5,X,7.1,5.8,151,7,5
2023,Mitsubishi,Outlander 4WD,SUV: Small,2.5,4,AV8,X,9.7,7.9,208,5,6
2023,Mitsubishi,RVR,SUV: Small,2,4,AV6,X,9.7,7.8,207,5,5
2023,Mitsubishi,RVR 4WD,SUV: Small,2,4,AV6,X,10,8.1,213,5,5
2023,Mitsubishi,RVR 4WD,SUV: Small,2.4,4,AV6,X,10.3,8.3,218,5,5
2023,Nissan,Altima AWD,Mid-size,2.5,4,AV,X,9.1,6.5,187,6,7
2023,Nissan,Altima AWD SR/Platinum,Mid-size,2.5,4,AV,X,9.3,6.7,191,6,7
2023,Nissan,Armada 4WD,SUV: Standard,5.6,8,AS7,Z,17.5,12.9,362,2,3
2023,Nissan,Frontier,Pickup truck: Standard,3.8,6,AS9,X,12.5,9.3,260,4,5
2023,Nissan,Frontier 4WD,Pickup truck: Standard,3.8,6,AS9,X,12.8,10.2,273,4,5
2023,Nissan,Frontier 4WD Pro-4X,Pickup truck: Standard,3.8,6,AS9,X,13.3,10.5,283,4,5
2023,Nissan,GT-R,Subcompact,3.8,6,AM6,Z,14.4,10.9,300,4,3
2023,Nissan,Kicks,Mid-size,1.6,4,AV,X,7.7,6.6,169,6,7
2023,Nissan,Maxima,Mid-size,3.5,6,AV7,Z,11.6,7.9,233,5,3
2023,Nissan,Murano AWD,Station wagon: Mid-size,3.5,6,AV7,X,12,8.5,245,5,5
2023,Nissan,Pathfinder 4WD,SUV: Small,3.5,6,AS9,X,11.6,9.2,246,5,5
2023,Nissan,Pathfinder 4WD Rock Creek,SUV: Small,3.5,6,AS9,Z,11.9,10,260,4,5
2023,Nissan,Qashqai,Station wagon: Small,2,4,AV8,X,8.6,7.3,188,6,6
2023,Nissan,Qashqai AWD,Station wagon: Small,2,4,AV8,X,9,7.5,196,6,6
2023,Nissan,Rogue,SUV: Small,1.5,3,AV8,X,7.8,6.5,170,6,6
2023,Nissan,Rogue,SUV: Small,2.5,4,AV8,X,9,7.1,190,6,7
2023,Nissan,Rogue AWD,SUV: Small,1.5,3,AV8,X,8.4,6.7,179,6,6
2023,Nissan,Rogue AWD SL/Platinum,SUV: Small,1.5,3,AV8,X,8.4,6.8,181,6,6
2023,Nissan,Rogue AWD,SUV: Small,2.5,4,AV8,X,9.2,7.2,195,6,7
2023,Nissan,Sentra,Mid-size,2,4,AV,X,8,6,167,6,7
2023,Nissan,Sentra SR,Mid-size,2,4,AV,X,8.2,6.1,171,6,7
2023,Nissan,Sentra,Mid-size,2,4,M6,X,9.2,6.2,185,6,7
2023,Nissan,Sentra SR,Mid-size,2,4,M6,X,9.4,6.4,189,6,7
2023,Nissan,Versa,Compact,1.6,4,AV,X,7.4,5.9,158,7,7
2023,Nissan,Versa,Compact,1.6,4,M5,X,8.6,6.7,181,6,7
2023,Nissan,Z,Two-seater,3,6,AS9,Z,12.3,8.6,249,5,5
2023,Nissan,Z,Two-seater,3,6,M6,Z,13.4,10,280,4,5
2023,Porsche,911 Carrera,Minicompact,3,6,AM8,Z,13.1,9.8,275,4,5
2023,Porsche,911 Carrera Cabriolet,Minicompact,3,6,AM8,Z,13.1,9.8,275,4,5
2023,Porsche,911 Carrera S,Minicompact,3,6,AM8,Z,12.9,10.2,274,4,5
2023,Porsche,911 Carrera S,Minicompact,3,6,M7,Z,12.8,9.4,264,4,5
2023,Porsche,911 Carrera S Cabriolet,Minicompact,3,6,AM8,Z,12.9,10.2,273,4,5
2023,Porsche,911 Carrera S Cabriolet,Minicompact,3,6,M7,Z,13.8,9.4,275,4,5
2023,Ram,1500 eTorque,Pickup truck: Standard,3.6,6,A8,X,11.9,9.4,253,5,7
2023,Ram,1500 eTorque,Pickup truck: Standard,5.7,8,A8,X,13,10,275,4,5
2023,Ram,1500 4X4 EcoDiesel,Pickup truck: Standard,3,6,A8,D,11.1,8,260,4,1
2023,Ram,1500 4X4 eTorque,Pickup truck: Standard,3.6,6,A8,X,12.1,9.7,259,4,7
2023,Ram,1500 4X4,Pickup truck: Standard,5.7,8,A8,X,16.1,11,325,3,5
2023,Ram,1500 4X4 eTorque,Pickup truck: Standard,5.7,8,A8,X,13.5,10.5,284,4,5
2023,Ram,1500 4X4 TRX,Pickup truck: Standard,6.2,8,A8,Z,22.4,16.5,465,1,1
2023,Ram,1500 Classic,Pickup truck: Standard,3.6,6,A8,X,13.6,9.5,276,4,7
2023,Ram,1500 Classic,Pickup truck: Standard,5.7,8,A8,X,16.1,11.1,322,3,5
2023,Ram,1500 Classic 4X4,Pickup truck: Standard,3.6,6,A8,X,14.5,10.1,294,4,7
2023,Ram,1500 Classic 4X4,Pickup truck: Standard,5.7,8,A8,X,16.2,11.6,330,3,5
2023,Rolls-Royce,Cullinan,Station wagon: Mid-size,6.7,12,AS8,Z,20.1,12.4,389,2,3
2023,Rolls-Royce,Cullinan Black Badge,Station wagon: Mid-size,6.7,12,AS8,Z,20.1,12.4,389,2,3
2023,Rolls-Royce,Ghost,Full-size,6.7,12,AS8,Z,19.9,12.7,388,2,3
2023,Rolls-Royce,Ghost Black Badge,Full-size,6.7,12,AS8,Z,19.9,12.7,388,2,3
2023,Rolls-Royce,Ghost Extended,Full-size,6.7,12,AS8,Z,19.9,12.7,388,2,3
2023,Rolls-Royce,Phantom,Full-size,6.7,12,AS8,Z,20.2,13.1,397,2,3
2023,Rolls-Royce,Phantom Extended,Full-size,6.7,12,AS8,Z,20.2,13.1,397,2,3
2023,Subaru,Ascent AWD,SUV: Standard,2.4,4,AV8,X,12.3,9.4,256,5,5
2023,Subaru,BRZ,Minicompact,2.4,4,AS6,Z,11,7.7,224,5,3
2023,Subaru,BRZ,Minicompact,2.4,4,M6,Z,12,8.8,247,5,3
2023,Subaru,Crosstrek AWD,SUV: Small,2,4,AV8,X,8.5,7,184,6,7
2023,Subaru,Crosstrek AWD,SUV: Small,2,4,M6,X,10.5,8.1,220,5,7
2023,Subaru,Crosstrek AWD,SUV: Small,2.5,4,AV8,X,8.8,7,187,6,7
2023,Subaru,Forester AWD,SUV: Small,2.5,4,AV7,X,9,7.2,192,6,7
2023,Subaru,Forester Wilderness AWD,SUV: Small,2.5,4,AV8,X,9.5,8.3,210,5,7
2023,Subaru,Impreza 5-Door AWD,Station wagon: Small,2,4,AV7,X,8.4,6.6,178,6,7
2023,Subaru,Impreza 5-Door AWD,Station wagon: Small,2,4,M5,X,10.1,7.7,211,5,7
2023,Subaru,Legacy AWD,Full-size,2.4,4,AV8,X,10.1,7.5,209,5,6
2023,Subaru,Legacy AWD,Full-size,2.5,4,AV8,X,8.7,6.7,183,6,7
2023,Subaru,Outback AWD,SUV: Small,2.4,4,AV8,X,10.6,8.1,221,5,6
2023,Subaru,Outback AWD,SUV: Small,2.5,4,AV8,X,9.2,7.3,195,6,7
2023,Subaru,Outback Wilderness AWD,SUV: Small,2.4,4,AV8,X,11,9,235,5,6
2023,Subaru,WRX AWD,Mid-size,2.4,4,AV8,Z,12.7,9.4,262,4,3
2023,Subaru,WRX AWD,Mid-size,2.4,4,M6,Z,12.3,9,254,5,3
2023,Toyota,4Runner 4WD,SUV: Standard,4,6,AS5,X,14.9,12.6,323,3,5
2023,Toyota,4Runner 4WD (Part-Time 4WD),SUV: Standard,4,6,AS5,X,14.8,12.5,320,3,5
2023,Toyota,Camry SE,Mid-size,2.5,4,AS8,X,8.5,6.1,174,6,7
2023,Toyota,Camry XSE V6/TRD,Mid-size,3.5,6,AS8,X,10.8,7.6,220,5,5
2023,Toyota,Camry AWD SE,Mid-size,2.5,4,AS8,X,9.4,6.8,192,6,6
2023,Toyota,Camry AWD XSE,Mid-size,2.5,4,AS8,X,9.5,7,195,6,6
2023,Toyota,Camry Hybrid LE,Mid-size,2.5,4,AV6,X,4.9,4.8,113,8,7
2023,Toyota,Camry Hybrid SE/XLE/XSE,Mid-size,2.5,4,AV6,X,5.3,5,121,8,7
2023,Toyota,Corolla (1-mode),Compact,2,4,AV10,X,7.4,5.7,158,7,7
2023,Toyota,Corolla (3-mode),Compact,2,4,AV10,X,7.6,5.9,160,7,7
2023,Toyota,Corolla Hatchback,Compact,2,4,AV10,X,7.5,5.9,159,7,7
2023,Toyota,Corolla Hybrid,Compact,1.8,4,AV,X,4.4,5.1,110,8,7
2023,Toyota,Corolla Hybrid AWD (2-mode),Compact,1.8,4,AV,X,4.6,5.3,115,8,7
2023,Toyota,Corolla Hybrid AWD (3-mode),Compact,1.8,4,AV,X,5,5.7,124,8,7
2023,Toyota,Corolla Cross,SUV: Small,2,4,AV10,X,7.6,7,171,6,7
2023,Toyota,Corolla Cross AWD,SUV: Small,2,4,AV10,X,8.1,7.4,182,6,7
2023,Toyota,Corolla Cross Hybrid AWD,SUV: Small,2,4,AV6,X,5.2,6.2,130,8,7
2023,Toyota,Crown AWD,Mid-size,2.4,4,AS6,X,8.1,7.3,182,6,7
2023,Toyota,Crown AWD,Mid-size,2.5,4,AV,X,5.6,5.7,133,8,7
2023,Toyota,GR Corolla,Subcompact,1.6,3,M6,Z,11.1,8.3,229,5,5
2023,Toyota,GR Supra 2.0,Two-seater,2,4,AS8,Z,9.3,7.7,200,6,7
2023,Toyota,GR Supra 3.0,Two-seater,3,6,AS8,Z,10.2,7.7,212,5,5
2023,Toyota,GR Supra 3.0,Two-seater,3,6,M6,Z,12.7,8.8,255,5,5
2023,Toyota,GR86,Minicompact,2.4,4,AS6,Z,11.1,7.7,225,5,3
2023,Toyota,GR86,Minicompact,2.4,4,M6,Z,11.9,8.7,247,5,3
2023,Toyota,Highlander AWD,SUV: Small,2.4,4,AS8,X,11,8.4,231,5,7
2023,Toyota,Highlander Hybrid AWD,SUV: Standard,2.5,4,AV,X,6.7,6.8,158,7,7
2023,Toyota,Highlander Hybrid AWD Limited/Platinum,SUV: Standard,2.5,4,AV,X,6.6,6.8,156,7,7
2023,Toyota,Prius AWD,Mid-size,2,4,AV,X,4.8,4.7,111,8,7
2023,Toyota,RAV4,SUV: Small,2.5,4,AS8,X,8.8,6.8,184,6,7
2023,Toyota,RAV4 AWD,SUV: Small,2.5,4,AS8,X,9.5,7.2,199,6,6
2023,Toyota,RAV4 AWD (Stop/Start),SUV: Small,2.5,4,AS8,X,8.8,7.1,187,6,6
2023,Toyota,RAV4 AWD LE,SUV: Small,2.5,4,AS8,X,8.7,6.9,184,6,6
2023,Toyota,RAV4 Hybrid AWD,SUV: Small,2.5,4,AV,X,5.8,6.3,141,7,7
2023,Toyota,Sequoia 4WD,SUV: Standard,3.4,6,AS10,X,12.6,10.5,273,4,5
2023,Toyota,Sienna,Minivan,2.5,4,AV,X,6.6,6.5,154,7,7
2023,Toyota,Sienna AWD,Minivan,2.5,4,AV,X,6.8,6.6,158,7,7
2023,Toyota,Tacoma 4WD,Pickup truck: Small,3.5,6,AS6,X,13,10.5,278,4,5
2023,Toyota,Tacoma 4WD,Pickup truck: Small,3.5,6,M6,X,13.8,11.4,299,4,5
2023,Toyota,Tacoma 4WD D-Cab TRD Off-Road/PRO,Pickup truck: Small,3.5,6,M6,X,13.8,11.7,300,4,5
2023,Toyota,Tundra,Pickup truck: Standard,3.4,6,AS10,X,13.1,10.1,277,4,5
2023,Toyota,Tundra 4WD,Pickup truck: Standard,3.4,6,AS10,X,13.6,10.4,285,4,5
2023,Toyota,Tundra 4WD TRD,Pickup truck: Standard,3.4,6,AS10,X,13.5,10.6,286,4,5
2023,Toyota,Tundra Hybrid 4WD,Pickup truck: Standard,3.4,6,AS10,X,12.7,10.5,274,4,5
2023,Toyota,Tundra Hybrid 4WD TRD PRO,Pickup truck: Standard,3.4,6,AS10,X,12.9,11.6,287,4,5
2023,Toyota,Venza AWD,SUV: Small,2.5,4,AV,X,5.9,6.4,142,7,7
2023,Volkswagen,Atlas,SUV: Small,2,4,AS8,X,11,9.3,240,5,3
2023,Volkswagen,Atlas 4MOTION,SUV: Small,2,4,AS8,X,11.8,9.8,255,5,3
2023,Volkswagen,Atlas 4MOTION,SUV: Small,3.6,6,AS8,X,13.4,10.1,279,4,5
2023,Volkswagen,Atlas Cross Sport,SUV: Small,2,4,AS8,X,11,9.6,243,5,3
2023,Volkswagen,Atlas Cross Sport 4MOTION,SUV: Small,2,4,AS8,X,11.8,9.8,256,5,3
2023,Volkswagen,Atlas Cross Sport 4MOTION,SUV: Small,3.6,6,AS8,X,13.1,10,275,4,5
2023,Volkswagen,Golf GTI,Compact,2,4,AM7,X,9.7,7,198,6,5
2023,Volkswagen,Golf GTI,Compact,2,4,M6,X,10,7.3,205,5,5
2023,Volkswagen,Golf R,Compact,2,4,A7,Z,10.3,7.7,213,5,5
2023,Volkswagen,Golf R,Compact,2,4,M6,Z,11.8,8.3,237,5,5
2023,Volkswagen,Jetta,Compact,1.5,4,AS8,X,7.7,5.7,159,7,7
2023,Volkswagen,Jetta Comfortline/Highline,Compact,1.5,4,AS8,X,8.1,5.8,167,6,7
2023,Volkswagen,Jetta,Compact,1.5,4,M6,X,8.2,5.6,165,7,7
2023,Volkswagen,Jetta GLI,Compact,2,4,AM7,X,9,6.5,185,6,7
2023,Volkswagen,Jetta GLI,Compact,2,4,M6,X,9.1,6.4,186,6,7
2023,Volkswagen,Taos,SUV: Small,1.5,4,AS8,X,8.4,6.6,178,6,7
2023,Volkswagen,Taos 4MOTION,SUV: Small,1.5,4,AM7,X,9.5,7.3,200,6,7
2023,Volkswagen,Tiguan 4MOTION,SUV: Small,2,4,AS8,X,10.6,8,222,5,7
2023,Volkswagen,Tiguan R-Line 4MOTION,SUV: Small,2,4,AS8,X,11,8.3,229,5,7
2023,Volvo,S60 B5,Compact,2,4,AS8,Z,9,6.7,186,6,5
2023,Volvo,S60 B5 AWD,Compact,2,4,AS8,Z,9.4,6.9,193,6,5
2023,Volvo,S90 B6 AWD,Mid-size,2,4,AS8,Z,10.3,7.5,211,5,7
2023,Volvo,V60 B6 AWD,Station wagon: Small,2,4,AS8,Z,10.3,7.6,212,5,7
2023,Volvo,V60 CC B5 AWD,Station wagon: Small,2,4,AS8,Z,10.1,7.7,211,5,5
2023,Volvo,V90 CC B6 AWD,Station wagon: Mid-size,2,4,AS8,Z,10.9,8.3,227,5,7
2023,Volvo,XC40 B4 AWD,SUV: Small,2,4,AS8,Z,10,7.6,208,5,5
2023,Volvo,XC40 B5 AWD,SUV: Small,2,4,AS8,Z,10.2,7.9,215,5,5
2023,Volvo,XC60 B5 AWD,SUV: Small,2,4,AS8,Z,10.3,8.2,218,5,5
2023,Volvo,XC60 B6 AWD,SUV: Small,2,4,AS8,Z,11.1,8.7,233,5,7
2023,Volvo,XC90 B5 AWD,SUV: Standard,2,4,AS8,Z,10.5,8.4,223,5,5
2023,Volvo,XC90 B6 AWD,SUV: Standard,2,4,AS8,Z,11.9,9.1,249,5,7
